-- phpMyAdmin SQL Dump
-- version 5.2.2
-- https://www.phpmyadmin.net/
--
-- Host: localhost:3306
-- Generation Time: Jun 17, 2025 at 03:46 PM
-- Server version: 8.0.30
-- PHP Version: 8.3.8

SET SQL_MODE = "NO_AUTO_VALUE_ON_ZERO";
START TRANSACTION;
SET time_zone = "+00:00";


/*!40101 SET @OLD_CHARACTER_SET_CLIENT=@@CHARACTER_SET_CLIENT */;
/*!40101 SET @OLD_CHARACTER_SET_RESULTS=@@CHARACTER_SET_RESULTS */;
/*!40101 SET @OLD_COLLATION_CONNECTION=@@COLLATION_CONNECTION */;
/*!40101 SET NAMES utf8mb4 */;

--
-- Database: `db_sipedes`
--

-- --------------------------------------------------------

--
-- Table structure for table `admin`
--

CREATE TABLE `admin` (
  `username` varchar(50) NOT NULL,
  `password` varchar(100) NOT NULL,
  `no_telepon` varchar(20) NOT NULL,
  `email` varchar(50) NOT NULL
) ENGINE=InnoDB DEFAULT CHARSET=utf8mb4 COLLATE=utf8mb4_0900_ai_ci;

--
-- Dumping data for table `admin`
--

INSERT INTO `admin` (`username`, `password`, `no_telepon`, `email`) VALUES
('admin', 'admin#1234', '088424819824', 'admin@email.com');

-- --------------------------------------------------------

--
-- Table structure for table `pegawai`
--

CREATE TABLE `pegawai` (
  `nipd` int NOT NULL,
  `nama_lengkap` varchar(50) NOT NULL,
  `email` varchar(25) NOT NULL,
  `status_pegawai` enum('aktif','tidak aktif') NOT NULL DEFAULT 'aktif'
) ENGINE=InnoDB DEFAULT CHARSET=utf8mb4 COLLATE=utf8mb4_0900_ai_ci;

--
-- Dumping data for table `pegawai`
--

INSERT INTO `pegawai` (`nipd`, `nama_lengkap`, `email`, `status_pegawai`) VALUES
(1001, 'Ahmad Sulaiman', 'ahmad@contoh.com', 'aktif'),
(1002, 'Budi Hartono', 'budi@contoh.com', 'aktif'),
(1003, 'Clara Widya', 'clara@contoh.com', 'aktif'),
(1004, 'Dedi Pratama', 'dedi@contoh.com', 'aktif'),
(1005, 'Eka Nurhaliza', 'eka@contoh.com', 'aktif'),
(1006, 'Farhan Ramadhan', 'farhan@contoh.com', 'aktif'),
(1007, 'Gina Maulida', 'gina@contoh.com', 'aktif'),
(1008, 'Hasan Basri', 'hasan@contoh.com', 'aktif'),
(1009, 'Intan Permatasari', 'intan@contoh.com', 'aktif');

-- --------------------------------------------------------

--
-- Table structure for table `presensi`
--

CREATE TABLE `presensi` (
  `id_presensi` int NOT NULL,
  `nipd` int NOT NULL,
  `tanggal` date NOT NULL,
  `kode_status` int DEFAULT NULL
) ENGINE=InnoDB DEFAULT CHARSET=utf8mb4 COLLATE=utf8mb4_0900_ai_ci;

--
-- Dumping data for table `presensi`
--

INSERT INTO `presensi` (`id_presensi`, `nipd`, `tanggal`, `kode_status`) VALUES
(1, 1001, '2025-01-01', 6),
(2, 1002, '2025-01-01', 4),
(3, 1003, '2025-01-01', 6),
(4, 1004, '2025-01-01', 2),
(5, 1005, '2025-01-01', 6),
(6, 1006, '2025-01-01', 4),
(7, 1007, '2025-01-01', 5),
(8, 1008, '2025-01-01', 2),
(9, 1009, '2025-01-01', 6),
(10, 1001, '2025-01-02', 5),
(11, 1002, '2025-01-02', 6),
(12, 1003, '2025-01-02', 3),
(13, 1004, '2025-01-02', 5),
(14, 1005, '2025-01-02', 2),
(15, 1006, '2025-01-02', 6),
(16, 1007, '2025-01-02', 4),
(17, 1008, '2025-01-02', 2),
(18, 1009, '2025-01-02', 5),
(19, 1001, '2025-01-03', 6),
(20, 1002, '2025-01-03', 5),
(21, 1003, '2025-01-03', 3),
(22, 1004, '2025-01-03', 6),
(23, 1005, '2025-01-03', 4),
(24, 1006, '2025-01-03', 6),
(25, 1007, '2025-01-03', 5),
(26, 1008, '2025-01-03', 2),
(27, 1009, '2025-01-03', 5),
(28, 1001, '2025-01-04', 1),
(29, 1002, '2025-01-04', 1),
(30, 1003, '2025-01-04', 1),
(31, 1004, '2025-01-04', 1),
(32, 1005, '2025-01-04', 1),
(33, 1006, '2025-01-04', 1),
(34, 1007, '2025-01-04', 1),
(35, 1008, '2025-01-04', 1),
(36, 1009, '2025-01-04', 1),
(37, 1001, '2025-01-05', 1),
(38, 1002, '2025-01-05', 1),
(39, 1003, '2025-01-05', 1),
(40, 1004, '2025-01-05', 1),
(41, 1005, '2025-01-05', 1),
(42, 1006, '2025-01-05', 1),
(43, 1007, '2025-01-05', 1),
(44, 1008, '2025-01-05', 1),
(45, 1009, '2025-01-05', 1),
(46, 1001, '2025-01-06', 6),
(47, 1002, '2025-01-06', 5),
(48, 1003, '2025-01-06', 6),
(49, 1004, '2025-01-06', 2),
(50, 1005, '2025-01-06', 4),
(51, 1006, '2025-01-06', 2),
(52, 1007, '2025-01-06', 2),
(53, 1008, '2025-01-06', 6),
(54, 1009, '2025-01-06', 3),
(55, 1001, '2025-01-07', 4),
(56, 1002, '2025-01-07', 5),
(57, 1003, '2025-01-07', 5),
(58, 1004, '2025-01-07', 5),
(59, 1005, '2025-01-07', 6),
(60, 1006, '2025-01-07', 3),
(61, 1007, '2025-01-07', 4),
(62, 1008, '2025-01-07', 2),
(63, 1009, '2025-01-07', 6),
(64, 1001, '2025-01-08', 3),
(65, 1002, '2025-01-08', 4),
(66, 1003, '2025-01-08', 3),
(67, 1004, '2025-01-08', 2),
(68, 1005, '2025-01-08', 3),
(69, 1006, '2025-01-08', 5),
(70, 1007, '2025-01-08', 2),
(71, 1008, '2025-01-08', 3),
(72, 1009, '2025-01-08', 6),
(73, 1001, '2025-01-09', 2),
(74, 1002, '2025-01-09', 4),
(75, 1003, '2025-01-09', 6),
(76, 1004, '2025-01-09', 2),
(77, 1005, '2025-01-09', 6),
(78, 1006, '2025-01-09', 4),
(79, 1007, '2025-01-09', 2),
(80, 1008, '2025-01-09', 4),
(81, 1009, '2025-01-09', 2),
(82, 1001, '2025-01-10', 3),
(83, 1002, '2025-01-10', 4),
(84, 1003, '2025-01-10', 4),
(85, 1004, '2025-01-10', 3),
(86, 1005, '2025-01-10', 5),
(87, 1006, '2025-01-10', 4),
(88, 1007, '2025-01-10', 6),
(89, 1008, '2025-01-10', 3),
(90, 1009, '2025-01-10', 4),
(91, 1001, '2025-01-11', 1),
(92, 1002, '2025-01-11', 1),
(93, 1003, '2025-01-11', 1),
(94, 1004, '2025-01-11', 1),
(95, 1005, '2025-01-11', 1),
(96, 1006, '2025-01-11', 1),
(97, 1007, '2025-01-11', 1),
(98, 1008, '2025-01-11', 1),
(99, 1009, '2025-01-11', 1),
(100, 1001, '2025-01-12', 1),
(101, 1002, '2025-01-12', 1),
(102, 1003, '2025-01-12', 1),
(103, 1004, '2025-01-12', 1),
(104, 1005, '2025-01-12', 1),
(105, 1006, '2025-01-12', 1),
(106, 1007, '2025-01-12', 1),
(107, 1008, '2025-01-12', 1),
(108, 1009, '2025-01-12', 1),
(109, 1001, '2025-01-13', 3),
(110, 1002, '2025-01-13', 6),
(111, 1003, '2025-01-13', 5),
(112, 1004, '2025-01-13', 4),
(113, 1005, '2025-01-13', 3),
(114, 1006, '2025-01-13', 2),
(115, 1007, '2025-01-13', 5),
(116, 1008, '2025-01-13', 4),
(117, 1009, '2025-01-13', 3),
(118, 1001, '2025-01-14', 4),
(119, 1002, '2025-01-14', 4),
(120, 1003, '2025-01-14', 2),
(121, 1004, '2025-01-14', 4),
(122, 1005, '2025-01-14', 6),
(123, 1006, '2025-01-14', 5),
(124, 1007, '2025-01-14', 4),
(125, 1008, '2025-01-14', 2),
(126, 1009, '2025-01-14', 3),
(127, 1001, '2025-01-15', 6),
(128, 1002, '2025-01-15', 5),
(129, 1003, '2025-01-15', 4),
(130, 1004, '2025-01-15', 2),
(131, 1005, '2025-01-15', 5),
(132, 1006, '2025-01-15', 6),
(133, 1007, '2025-01-15', 5),
(134, 1008, '2025-01-15', 4),
(135, 1009, '2025-01-15', 3),
(136, 1001, '2025-01-16', 3),
(137, 1002, '2025-01-16', 3),
(138, 1003, '2025-01-16', 2),
(139, 1004, '2025-01-16', 2),
(140, 1005, '2025-01-16', 6),
(141, 1006, '2025-01-16', 6),
(142, 1007, '2025-01-16', 3),
(143, 1008, '2025-01-16', 5),
(144, 1009, '2025-01-16', 2),
(145, 1001, '2025-01-17', 4),
(146, 1002, '2025-01-17', 2),
(147, 1003, '2025-01-17', 3),
(148, 1004, '2025-01-17', 4),
(149, 1005, '2025-01-17', 6),
(150, 1006, '2025-01-17', 4),
(151, 1007, '2025-01-17', 6),
(152, 1008, '2025-01-17', 3),
(153, 1009, '2025-01-17', 3),
(154, 1001, '2025-01-18', 1),
(155, 1002, '2025-01-18', 1),
(156, 1003, '2025-01-18', 1),
(157, 1004, '2025-01-18', 1),
(158, 1005, '2025-01-18', 1),
(159, 1006, '2025-01-18', 1),
(160, 1007, '2025-01-18', 1),
(161, 1008, '2025-01-18', 1),
(162, 1009, '2025-01-18', 1),
(163, 1001, '2025-01-19', 1),
(164, 1002, '2025-01-19', 1),
(165, 1003, '2025-01-19', 1),
(166, 1004, '2025-01-19', 1),
(167, 1005, '2025-01-19', 1),
(168, 1006, '2025-01-19', 1),
(169, 1007, '2025-01-19', 1),
(170, 1008, '2025-01-19', 1),
(171, 1009, '2025-01-19', 1),
(172, 1001, '2025-01-20', 5),
(173, 1002, '2025-01-20', 4),
(174, 1003, '2025-01-20', 3),
(175, 1004, '2025-01-20', 4),
(176, 1005, '2025-01-20', 2),
(177, 1006, '2025-01-20', 6),
(178, 1007, '2025-01-20', 5),
(179, 1008, '2025-01-20', 3),
(180, 1009, '2025-01-20', 4),
(181, 1001, '2025-01-21', 6),
(182, 1002, '2025-01-21', 6),
(183, 1003, '2025-01-21', 4),
(184, 1004, '2025-01-21', 4),
(185, 1005, '2025-01-21', 3),
(186, 1006, '2025-01-21', 5),
(187, 1007, '2025-01-21', 4),
(188, 1008, '2025-01-21', 2),
(189, 1009, '2025-01-21', 6),
(190, 1001, '2025-01-22', 2),
(191, 1002, '2025-01-22', 3),
(192, 1003, '2025-01-22', 4),
(193, 1004, '2025-01-22', 2),
(194, 1005, '2025-01-22', 5),
(195, 1006, '2025-01-22', 5),
(196, 1007, '2025-01-22', 2),
(197, 1008, '2025-01-22', 2),
(198, 1009, '2025-01-22', 6),
(199, 1001, '2025-01-23', 3),
(200, 1002, '2025-01-23', 2),
(201, 1003, '2025-01-23', 6),
(202, 1004, '2025-01-23', 3),
(203, 1005, '2025-01-23', 2),
(204, 1006, '2025-01-23', 3),
(205, 1007, '2025-01-23', 3),
(206, 1008, '2025-01-23', 3),
(207, 1009, '2025-01-23', 2),
(208, 1001, '2025-01-24', 2),
(209, 1002, '2025-01-24', 6),
(210, 1003, '2025-01-24', 3),
(211, 1004, '2025-01-24', 4),
(212, 1005, '2025-01-24', 3),
(213, 1006, '2025-01-24', 3),
(214, 1007, '2025-01-24', 6),
(215, 1008, '2025-01-24', 4),
(216, 1009, '2025-01-24', 3),
(217, 1001, '2025-01-25', 1),
(218, 1002, '2025-01-25', 1),
(219, 1003, '2025-01-25', 1),
(220, 1004, '2025-01-25', 1),
(221, 1005, '2025-01-25', 1),
(222, 1006, '2025-01-25', 1),
(223, 1007, '2025-01-25', 1),
(224, 1008, '2025-01-25', 1),
(225, 1009, '2025-01-25', 1),
(226, 1001, '2025-01-26', 1),
(227, 1002, '2025-01-26', 1),
(228, 1003, '2025-01-26', 1),
(229, 1004, '2025-01-26', 1),
(230, 1005, '2025-01-26', 1),
(231, 1006, '2025-01-26', 1),
(232, 1007, '2025-01-26', 1),
(233, 1008, '2025-01-26', 1),
(234, 1009, '2025-01-26', 1),
(235, 1001, '2025-01-27', 2),
(236, 1002, '2025-01-27', 5),
(237, 1003, '2025-01-27', 4),
(238, 1004, '2025-01-27', 3),
(239, 1005, '2025-01-27', 4),
(240, 1006, '2025-01-27', 5),
(241, 1007, '2025-01-27', 2),
(242, 1008, '2025-01-27', 3),
(243, 1009, '2025-01-27', 3),
(244, 1001, '2025-01-28', 4),
(245, 1002, '2025-01-28', 2),
(246, 1003, '2025-01-28', 6),
(247, 1004, '2025-01-28', 3),
(248, 1005, '2025-01-28', 6),
(249, 1006, '2025-01-28', 4),
(250, 1007, '2025-01-28', 2),
(251, 1008, '2025-01-28', 2),
(252, 1009, '2025-01-28', 5),
(253, 1001, '2025-01-29', 3),
(254, 1002, '2025-01-29', 5),
(255, 1003, '2025-01-29', 5),
(256, 1004, '2025-01-29', 5),
(257, 1005, '2025-01-29', 5),
(258, 1006, '2025-01-29', 2),
(259, 1007, '2025-01-29', 3),
(260, 1008, '2025-01-29', 5),
(261, 1009, '2025-01-29', 4),
(262, 1001, '2025-01-30', 3),
(263, 1002, '2025-01-30', 5),
(264, 1003, '2025-01-30', 4),
(265, 1004, '2025-01-30', 6),
(266, 1005, '2025-01-30', 5),
(267, 1006, '2025-01-30', 3),
(268, 1007, '2025-01-30', 4),
(269, 1008, '2025-01-30', 4),
(270, 1009, '2025-01-30', 2),
(271, 1001, '2025-01-31', 2),
(272, 1002, '2025-01-31', 3),
(273, 1003, '2025-01-31', 3),
(274, 1004, '2025-01-31', 3),
(275, 1005, '2025-01-31', 3),
(276, 1006, '2025-01-31', 4),
(277, 1007, '2025-01-31', 6),
(278, 1008, '2025-01-31', 2),
(279, 1009, '2025-01-31', 2),
(280, 1001, '2025-02-01', 1),
(281, 1002, '2025-02-01', 1),
(282, 1003, '2025-02-01', 1),
(283, 1004, '2025-02-01', 1),
(284, 1005, '2025-02-01', 1),
(285, 1006, '2025-02-01', 1),
(286, 1007, '2025-02-01', 1),
(287, 1008, '2025-02-01', 1),
(288, 1009, '2025-02-01', 1),
(289, 1001, '2025-02-02', 1),
(290, 1002, '2025-02-02', 1),
(291, 1003, '2025-02-02', 1),
(292, 1004, '2025-02-02', 1),
(293, 1005, '2025-02-02', 1),
(294, 1006, '2025-02-02', 1),
(295, 1007, '2025-02-02', 1),
(296, 1008, '2025-02-02', 1),
(297, 1009, '2025-02-02', 1),
(298, 1001, '2025-02-03', 6),
(299, 1002, '2025-02-03', 3),
(300, 1003, '2025-02-03', 2),
(301, 1004, '2025-02-03', 3),
(302, 1005, '2025-02-03', 5),
(303, 1006, '2025-02-03', 3),
(304, 1007, '2025-02-03', 2),
(305, 1008, '2025-02-03', 2),
(306, 1009, '2025-02-03', 2),
(307, 1001, '2025-02-04', 3),
(308, 1002, '2025-02-04', 6),
(309, 1003, '2025-02-04', 3),
(310, 1004, '2025-02-04', 6),
(311, 1005, '2025-02-04', 5),
(312, 1006, '2025-02-04', 2),
(313, 1007, '2025-02-04', 6),
(314, 1008, '2025-02-04', 2),
(315, 1009, '2025-02-04', 2),
(316, 1001, '2025-02-05', 3),
(317, 1002, '2025-02-05', 3),
(318, 1003, '2025-02-05', 5),
(319, 1004, '2025-02-05', 3),
(320, 1005, '2025-02-05', 3),
(321, 1006, '2025-02-05', 3),
(322, 1007, '2025-02-05', 3),
(323, 1008, '2025-02-05', 6),
(324, 1009, '2025-02-05', 2),
(325, 1001, '2025-02-06', 3),
(326, 1002, '2025-02-06', 5),
(327, 1003, '2025-02-06', 6),
(328, 1004, '2025-02-06', 6),
(329, 1005, '2025-02-06', 4),
(330, 1006, '2025-02-06', 4),
(331, 1007, '2025-02-06', 5),
(332, 1008, '2025-02-06', 6),
(333, 1009, '2025-02-06', 2),
(334, 1001, '2025-02-07', 5),
(335, 1002, '2025-02-07', 2),
(336, 1003, '2025-02-07', 4),
(337, 1004, '2025-02-07', 6),
(338, 1005, '2025-02-07', 2),
(339, 1006, '2025-02-07', 2),
(340, 1007, '2025-02-07', 3),
(341, 1008, '2025-02-07', 5),
(342, 1009, '2025-02-07', 3),
(343, 1001, '2025-02-08', 1),
(344, 1002, '2025-02-08', 1),
(345, 1003, '2025-02-08', 1),
(346, 1004, '2025-02-08', 1),
(347, 1005, '2025-02-08', 1),
(348, 1006, '2025-02-08', 1),
(349, 1007, '2025-02-08', 1),
(350, 1008, '2025-02-08', 1),
(351, 1009, '2025-02-08', 1),
(352, 1001, '2025-02-09', 1),
(353, 1002, '2025-02-09', 1),
(354, 1003, '2025-02-09', 1),
(355, 1004, '2025-02-09', 1),
(356, 1005, '2025-02-09', 1),
(357, 1006, '2025-02-09', 1),
(358, 1007, '2025-02-09', 1),
(359, 1008, '2025-02-09', 1),
(360, 1009, '2025-02-09', 1),
(361, 1001, '2025-02-10', 3),
(362, 1002, '2025-02-10', 5),
(363, 1003, '2025-02-10', 4),
(364, 1004, '2025-02-10', 5),
(365, 1005, '2025-02-10', 6),
(366, 1006, '2025-02-10', 4),
(367, 1007, '2025-02-10', 3),
(368, 1008, '2025-02-10', 5),
(369, 1009, '2025-02-10', 6),
(370, 1001, '2025-02-11', 4),
(371, 1002, '2025-02-11', 2),
(372, 1003, '2025-02-11', 4),
(373, 1004, '2025-02-11', 4),
(374, 1005, '2025-02-11', 6),
(375, 1006, '2025-02-11', 5),
(376, 1007, '2025-02-11', 6),
(377, 1008, '2025-02-11', 3),
(378, 1009, '2025-02-11', 2),
(379, 1001, '2025-02-12', 2),
(380, 1002, '2025-02-12', 2),
(381, 1003, '2025-02-12', 6),
(382, 1004, '2025-02-12', 3),
(383, 1005, '2025-02-12', 3),
(384, 1006, '2025-02-12', 3),
(385, 1007, '2025-02-12', 3),
(386, 1008, '2025-02-12', 2),
(387, 1009, '2025-02-12', 4),
(388, 1001, '2025-02-13', 4),
(389, 1002, '2025-02-13', 3),
(390, 1003, '2025-02-13', 2),
(391, 1004, '2025-02-13', 6),
(392, 1005, '2025-02-13', 6),
(393, 1006, '2025-02-13', 6),
(394, 1007, '2025-02-13', 6),
(395, 1008, '2025-02-13', 4),
(396, 1009, '2025-02-13', 6),
(397, 1001, '2025-02-14', 4),
(398, 1002, '2025-02-14', 4),
(399, 1003, '2025-02-14', 4),
(400, 1004, '2025-02-14', 3),
(401, 1005, '2025-02-14', 5),
(402, 1006, '2025-02-14', 2),
(403, 1007, '2025-02-14', 2),
(404, 1008, '2025-02-14', 5),
(405, 1009, '2025-02-14', 2),
(406, 1001, '2025-02-15', 1),
(407, 1002, '2025-02-15', 1),
(408, 1003, '2025-02-15', 1),
(409, 1004, '2025-02-15', 1),
(410, 1005, '2025-02-15', 1),
(411, 1006, '2025-02-15', 1),
(412, 1007, '2025-02-15', 1),
(413, 1008, '2025-02-15', 1),
(414, 1009, '2025-02-15', 1),
(415, 1001, '2025-02-16', 1),
(416, 1002, '2025-02-16', 1),
(417, 1003, '2025-02-16', 1),
(418, 1004, '2025-02-16', 1),
(419, 1005, '2025-02-16', 1),
(420, 1006, '2025-02-16', 1),
(421, 1007, '2025-02-16', 1),
(422, 1008, '2025-02-16', 1),
(423, 1009, '2025-02-16', 1),
(424, 1001, '2025-02-17', 3),
(425, 1002, '2025-02-17', 5),
(426, 1003, '2025-02-17', 3),
(427, 1004, '2025-02-17', 3),
(428, 1005, '2025-02-17', 2),
(429, 1006, '2025-02-17', 4),
(430, 1007, '2025-02-17', 4),
(431, 1008, '2025-02-17', 5),
(432, 1009, '2025-02-17', 3),
(433, 1001, '2025-02-18', 2),
(434, 1002, '2025-02-18', 2),
(435, 1003, '2025-02-18', 3),
(436, 1004, '2025-02-18', 6),
(437, 1005, '2025-02-18', 4),
(438, 1006, '2025-02-18', 3),
(439, 1007, '2025-02-18', 4),
(440, 1008, '2025-02-18', 3),
(441, 1009, '2025-02-18', 3),
(442, 1001, '2025-02-19', 5),
(443, 1002, '2025-02-19', 2),
(444, 1003, '2025-02-19', 3),
(445, 1004, '2025-02-19', 4),
(446, 1005, '2025-02-19', 5),
(447, 1006, '2025-02-19', 2),
(448, 1007, '2025-02-19', 4),
(449, 1008, '2025-02-19', 5),
(450, 1009, '2025-02-19', 5),
(451, 1001, '2025-02-20', 2),
(452, 1002, '2025-02-20', 2),
(453, 1003, '2025-02-20', 5),
(454, 1004, '2025-02-20', 2),
(455, 1005, '2025-02-20', 5),
(456, 1006, '2025-02-20', 4),
(457, 1007, '2025-02-20', 6),
(458, 1008, '2025-02-20', 3),
(459, 1009, '2025-02-20', 5),
(460, 1001, '2025-02-21', 6),
(461, 1002, '2025-02-21', 5),
(462, 1003, '2025-02-21', 5),
(463, 1004, '2025-02-21', 6),
(464, 1005, '2025-02-21', 2),
(465, 1006, '2025-02-21', 2),
(466, 1007, '2025-02-21', 2),
(467, 1008, '2025-02-21', 2),
(468, 1009, '2025-02-21', 2),
(469, 1001, '2025-02-22', 1),
(470, 1002, '2025-02-22', 1),
(471, 1003, '2025-02-22', 1),
(472, 1004, '2025-02-22', 1),
(473, 1005, '2025-02-22', 1),
(474, 1006, '2025-02-22', 1),
(475, 1007, '2025-02-22', 1),
(476, 1008, '2025-02-22', 1),
(477, 1009, '2025-02-22', 1),
(478, 1001, '2025-02-23', 1),
(479, 1002, '2025-02-23', 1),
(480, 1003, '2025-02-23', 1),
(481, 1004, '2025-02-23', 1),
(482, 1005, '2025-02-23', 1),
(483, 1006, '2025-02-23', 1),
(484, 1007, '2025-02-23', 1),
(485, 1008, '2025-02-23', 1),
(486, 1009, '2025-02-23', 1),
(487, 1001, '2025-02-24', 5),
(488, 1002, '2025-02-24', 3),
(489, 1003, '2025-02-24', 4),
(490, 1004, '2025-02-24', 2),
(491, 1005, '2025-02-24', 3),
(492, 1006, '2025-02-24', 4),
(493, 1007, '2025-02-24', 3),
(494, 1008, '2025-02-24', 6),
(495, 1009, '2025-02-24', 6),
(496, 1001, '2025-02-25', 5),
(497, 1002, '2025-02-25', 3),
(498, 1003, '2025-02-25', 6),
(499, 1004, '2025-02-25', 3),
(500, 1005, '2025-02-25', 2),
(501, 1006, '2025-02-25', 5),
(502, 1007, '2025-02-25', 6),
(503, 1008, '2025-02-25', 6),
(504, 1009, '2025-02-25', 2),
(505, 1001, '2025-02-26', 5),
(506, 1002, '2025-02-26', 3),
(507, 1003, '2025-02-26', 5),
(508, 1004, '2025-02-26', 4),
(509, 1005, '2025-02-26', 5),
(510, 1006, '2025-02-26', 5),
(511, 1007, '2025-02-26', 6),
(512, 1008, '2025-02-26', 3),
(513, 1009, '2025-02-26', 4),
(514, 1001, '2025-02-27', 6),
(515, 1002, '2025-02-27', 2),
(516, 1003, '2025-02-27', 6),
(517, 1004, '2025-02-27', 3),
(518, 1005, '2025-02-27', 4),
(519, 1006, '2025-02-27', 5),
(520, 1007, '2025-02-27', 6),
(521, 1008, '2025-02-27', 4),
(522, 1009, '2025-02-27', 6),
(523, 1001, '2025-02-28', 5),
(524, 1002, '2025-02-28', 6),
(525, 1003, '2025-02-28', 6),
(526, 1004, '2025-02-28', 4),
(527, 1005, '2025-02-28', 2),
(528, 1006, '2025-02-28', 3),
(529, 1007, '2025-02-28', 2),
(530, 1008, '2025-02-28', 2),
(531, 1009, '2025-02-28', 5),
(532, 1001, '2025-03-01', 1),
(533, 1002, '2025-03-01', 1),
(534, 1003, '2025-03-01', 1),
(535, 1004, '2025-03-01', 1),
(536, 1005, '2025-03-01', 1),
(537, 1006, '2025-03-01', 1),
(538, 1007, '2025-03-01', 1),
(539, 1008, '2025-03-01', 1),
(540, 1009, '2025-03-01', 1),
(541, 1001, '2025-03-02', 1),
(542, 1002, '2025-03-02', 1),
(543, 1003, '2025-03-02', 1),
(544, 1004, '2025-03-02', 1),
(545, 1005, '2025-03-02', 1),
(546, 1006, '2025-03-02', 1),
(547, 1007, '2025-03-02', 1),
(548, 1008, '2025-03-02', 1),
(549, 1009, '2025-03-02', 1),
(550, 1001, '2025-03-03', 3),
(551, 1002, '2025-03-03', 5),
(552, 1003, '2025-03-03', 5),
(553, 1004, '2025-03-03', 4),
(554, 1005, '2025-03-03', 4),
(555, 1006, '2025-03-03', 6),
(556, 1007, '2025-03-03', 4),
(557, 1008, '2025-03-03', 5),
(558, 1009, '2025-03-03', 2),
(559, 1001, '2025-03-04', 2),
(560, 1002, '2025-03-04', 2),
(561, 1003, '2025-03-04', 6),
(562, 1004, '2025-03-04', 6),
(563, 1005, '2025-03-04', 3),
(564, 1006, '2025-03-04', 2),
(565, 1007, '2025-03-04', 5),
(566, 1008, '2025-03-04', 4),
(567, 1009, '2025-03-04', 6),
(568, 1001, '2025-03-05', 5),
(569, 1002, '2025-03-05', 5),
(570, 1003, '2025-03-05', 3),
(571, 1004, '2025-03-05', 2),
(572, 1005, '2025-03-05', 2),
(573, 1006, '2025-03-05', 6),
(574, 1007, '2025-03-05', 5),
(575, 1008, '2025-03-05', 5),
(576, 1009, '2025-03-05', 6),
(577, 1001, '2025-03-06', 4),
(578, 1002, '2025-03-06', 6),
(579, 1003, '2025-03-06', 3),
(580, 1004, '2025-03-06', 5),
(581, 1005, '2025-03-06', 6),
(582, 1006, '2025-03-06', 4),
(583, 1007, '2025-03-06', 6),
(584, 1008, '2025-03-06', 6),
(585, 1009, '2025-03-06', 5),
(586, 1001, '2025-03-07', 6),
(587, 1002, '2025-03-07', 5),
(588, 1003, '2025-03-07', 6),
(589, 1004, '2025-03-07', 2),
(590, 1005, '2025-03-07', 2),
(591, 1006, '2025-03-07', 4),
(592, 1007, '2025-03-07', 5),
(593, 1008, '2025-03-07', 6),
(594, 1009, '2025-03-07', 5),
(595, 1001, '2025-03-08', 1),
(596, 1002, '2025-03-08', 1),
(597, 1003, '2025-03-08', 1),
(598, 1004, '2025-03-08', 1),
(599, 1005, '2025-03-08', 1),
(600, 1006, '2025-03-08', 1),
(601, 1007, '2025-03-08', 1),
(602, 1008, '2025-03-08', 1),
(603, 1009, '2025-03-08', 1),
(604, 1001, '2025-03-09', 1),
(605, 1002, '2025-03-09', 1),
(606, 1003, '2025-03-09', 1),
(607, 1004, '2025-03-09', 1),
(608, 1005, '2025-03-09', 1),
(609, 1006, '2025-03-09', 1),
(610, 1007, '2025-03-09', 1),
(611, 1008, '2025-03-09', 1),
(612, 1009, '2025-03-09', 1),
(613, 1001, '2025-03-10', 6),
(614, 1002, '2025-03-10', 3),
(615, 1003, '2025-03-10', 5),
(616, 1004, '2025-03-10', 3),
(617, 1005, '2025-03-10', 2),
(618, 1006, '2025-03-10', 2),
(619, 1007, '2025-03-10', 2),
(620, 1008, '2025-03-10', 2),
(621, 1009, '2025-03-10', 2),
(622, 1001, '2025-03-11', 5),
(623, 1002, '2025-03-11', 2),
(624, 1003, '2025-03-11', 2),
(625, 1004, '2025-03-11', 4),
(626, 1005, '2025-03-11', 6),
(627, 1006, '2025-03-11', 6),
(628, 1007, '2025-03-11', 6),
(629, 1008, '2025-03-11', 4),
(630, 1009, '2025-03-11', 3),
(631, 1001, '2025-03-12', 4),
(632, 1002, '2025-03-12', 4),
(633, 1003, '2025-03-12', 5),
(634, 1004, '2025-03-12', 4),
(635, 1005, '2025-03-12', 6),
(636, 1006, '2025-03-12', 6),
(637, 1007, '2025-03-12', 2),
(638, 1008, '2025-03-12', 4),
(639, 1009, '2025-03-12', 4),
(640, 1001, '2025-03-13', 4),
(641, 1002, '2025-03-13', 5),
(642, 1003, '2025-03-13', 6),
(643, 1004, '2025-03-13', 6),
(644, 1005, '2025-03-13', 3),
(645, 1006, '2025-03-13', 6),
(646, 1007, '2025-03-13', 6),
(647, 1008, '2025-03-13', 4),
(648, 1009, '2025-03-13', 6),
(649, 1001, '2025-03-14', 4),
(650, 1002, '2025-03-14', 6),
(651, 1003, '2025-03-14', 6),
(652, 1004, '2025-03-14', 6),
(653, 1005, '2025-03-14', 4),
(654, 1006, '2025-03-14', 2),
(655, 1007, '2025-03-14', 3),
(656, 1008, '2025-03-14', 5),
(657, 1009, '2025-03-14', 6),
(658, 1001, '2025-03-15', 1),
(659, 1002, '2025-03-15', 1),
(660, 1003, '2025-03-15', 1),
(661, 1004, '2025-03-15', 1),
(662, 1005, '2025-03-15', 1),
(663, 1006, '2025-03-15', 1),
(664, 1007, '2025-03-15', 1),
(665, 1008, '2025-03-15', 1),
(666, 1009, '2025-03-15', 1),
(667, 1001, '2025-03-16', 1),
(668, 1002, '2025-03-16', 1),
(669, 1003, '2025-03-16', 1),
(670, 1004, '2025-03-16', 1),
(671, 1005, '2025-03-16', 1),
(672, 1006, '2025-03-16', 1),
(673, 1007, '2025-03-16', 1),
(674, 1008, '2025-03-16', 1),
(675, 1009, '2025-03-16', 1),
(676, 1001, '2025-03-17', 2),
(677, 1002, '2025-03-17', 2),
(678, 1003, '2025-03-17', 4),
(679, 1004, '2025-03-17', 5),
(680, 1005, '2025-03-17', 4),
(681, 1006, '2025-03-17', 4),
(682, 1007, '2025-03-17', 3),
(683, 1008, '2025-03-17', 6),
(684, 1009, '2025-03-17', 2),
(685, 1001, '2025-03-18', 4),
(686, 1002, '2025-03-18', 2),
(687, 1003, '2025-03-18', 4),
(688, 1004, '2025-03-18', 3),
(689, 1005, '2025-03-18', 5),
(690, 1006, '2025-03-18', 3),
(691, 1007, '2025-03-18', 2),
(692, 1008, '2025-03-18', 2),
(693, 1009, '2025-03-18', 3),
(694, 1001, '2025-03-19', 3),
(695, 1002, '2025-03-19', 6),
(696, 1003, '2025-03-19', 3),
(697, 1004, '2025-03-19', 3),
(698, 1005, '2025-03-19', 2),
(699, 1006, '2025-03-19', 2),
(700, 1007, '2025-03-19', 2),
(701, 1008, '2025-03-19', 4),
(702, 1009, '2025-03-19', 6),
(703, 1001, '2025-03-20', 6),
(704, 1002, '2025-03-20', 5),
(705, 1003, '2025-03-20', 2),
(706, 1004, '2025-03-20', 6),
(707, 1005, '2025-03-20', 4),
(708, 1006, '2025-03-20', 4),
(709, 1007, '2025-03-20', 6),
(710, 1008, '2025-03-20', 2),
(711, 1009, '2025-03-20', 5),
(712, 1001, '2025-03-21', 4),
(713, 1002, '2025-03-21', 2),
(714, 1003, '2025-03-21', 2),
(715, 1004, '2025-03-21', 6),
(716, 1005, '2025-03-21', 6),
(717, 1006, '2025-03-21', 3),
(718, 1007, '2025-03-21', 3),
(719, 1008, '2025-03-21', 3),
(720, 1009, '2025-03-21', 3),
(721, 1001, '2025-03-22', 1),
(722, 1002, '2025-03-22', 1),
(723, 1003, '2025-03-22', 1),
(724, 1004, '2025-03-22', 1),
(725, 1005, '2025-03-22', 1),
(726, 1006, '2025-03-22', 1),
(727, 1007, '2025-03-22', 1),
(728, 1008, '2025-03-22', 1),
(729, 1009, '2025-03-22', 1),
(730, 1001, '2025-03-23', 1),
(731, 1002, '2025-03-23', 1),
(732, 1003, '2025-03-23', 1),
(733, 1004, '2025-03-23', 1),
(734, 1005, '2025-03-23', 1),
(735, 1006, '2025-03-23', 1),
(736, 1007, '2025-03-23', 1),
(737, 1008, '2025-03-23', 1),
(738, 1009, '2025-03-23', 1),
(739, 1001, '2025-03-24', 3),
(740, 1002, '2025-03-24', 6),
(741, 1003, '2025-03-24', 3),
(742, 1004, '2025-03-24', 4),
(743, 1005, '2025-03-24', 2),
(744, 1006, '2025-03-24', 6),
(745, 1007, '2025-03-24', 4),
(746, 1008, '2025-03-24', 2),
(747, 1009, '2025-03-24', 3),
(748, 1001, '2025-03-25', 5),
(749, 1002, '2025-03-25', 6),
(750, 1003, '2025-03-25', 4),
(751, 1004, '2025-03-25', 2),
(752, 1005, '2025-03-25', 2),
(753, 1006, '2025-03-25', 6),
(754, 1007, '2025-03-25', 5),
(755, 1008, '2025-03-25', 6),
(756, 1009, '2025-03-25', 4),
(757, 1001, '2025-03-26', 6),
(758, 1002, '2025-03-26', 3),
(759, 1003, '2025-03-26', 3),
(760, 1004, '2025-03-26', 2),
(761, 1005, '2025-03-26', 3),
(762, 1006, '2025-03-26', 5),
(763, 1007, '2025-03-26', 4),
(764, 1008, '2025-03-26', 4),
(765, 1009, '2025-03-26', 5),
(766, 1001, '2025-03-27', 4),
(767, 1002, '2025-03-27', 2),
(768, 1003, '2025-03-27', 6),
(769, 1004, '2025-03-27', 6),
(770, 1005, '2025-03-27', 5),
(771, 1006, '2025-03-27', 5),
(772, 1007, '2025-03-27', 6),
(773, 1008, '2025-03-27', 4),
(774, 1009, '2025-03-27', 6),
(775, 1001, '2025-03-28', 4),
(776, 1002, '2025-03-28', 4),
(777, 1003, '2025-03-28', 4),
(778, 1004, '2025-03-28', 3),
(779, 1005, '2025-03-28', 6),
(780, 1006, '2025-03-28', 3),
(781, 1007, '2025-03-28', 3),
(782, 1008, '2025-03-28', 5),
(783, 1009, '2025-03-28', 2),
(784, 1001, '2025-03-29', 1),
(785, 1002, '2025-03-29', 1),
(786, 1003, '2025-03-29', 1),
(787, 1004, '2025-03-29', 1),
(788, 1005, '2025-03-29', 1),
(789, 1006, '2025-03-29', 1),
(790, 1007, '2025-03-29', 1),
(791, 1008, '2025-03-29', 1),
(792, 1009, '2025-03-29', 1),
(793, 1001, '2025-03-30', 1),
(794, 1002, '2025-03-30', 1),
(795, 1003, '2025-03-30', 1),
(796, 1004, '2025-03-30', 1),
(797, 1005, '2025-03-30', 1),
(798, 1006, '2025-03-30', 1),
(799, 1007, '2025-03-30', 1),
(800, 1008, '2025-03-30', 1),
(801, 1009, '2025-03-30', 1),
(802, 1001, '2025-03-31', 2),
(803, 1002, '2025-03-31', 6),
(804, 1003, '2025-03-31', 3),
(805, 1004, '2025-03-31', 6),
(806, 1005, '2025-03-31', 3),
(807, 1006, '2025-03-31', 4),
(808, 1007, '2025-03-31', 2),
(809, 1008, '2025-03-31', 5),
(810, 1009, '2025-03-31', 4),
(811, 1001, '2025-04-01', 6),
(812, 1002, '2025-04-01', 2),
(813, 1003, '2025-04-01', 3),
(814, 1004, '2025-04-01', 6),
(815, 1005, '2025-04-01', 4),
(816, 1006, '2025-04-01', 3),
(817, 1007, '2025-04-01', 3),
(818, 1008, '2025-04-01', 5),
(819, 1009, '2025-04-01', 5),
(820, 1001, '2025-04-02', 5),
(821, 1002, '2025-04-02', 3),
(822, 1003, '2025-04-02', 3),
(823, 1004, '2025-04-02', 6),
(824, 1005, '2025-04-02', 3),
(825, 1006, '2025-04-02', 6),
(826, 1007, '2025-04-02', 4),
(827, 1008, '2025-04-02', 4),
(828, 1009, '2025-04-02', 4),
(829, 1001, '2025-04-03', 5),
(830, 1002, '2025-04-03', 2),
(831, 1003, '2025-04-03', 4),
(832, 1004, '2025-04-03', 5),
(833, 1005, '2025-04-03', 5),
(834, 1006, '2025-04-03', 4),
(835, 1007, '2025-04-03', 2),
(836, 1008, '2025-04-03', 4),
(837, 1009, '2025-04-03', 2),
(838, 1001, '2025-04-04', 3),
(839, 1002, '2025-04-04', 5),
(840, 1003, '2025-04-04', 5),
(841, 1004, '2025-04-04', 3),
(842, 1005, '2025-04-04', 5),
(843, 1006, '2025-04-04', 2),
(844, 1007, '2025-04-04', 5),
(845, 1008, '2025-04-04', 6),
(846, 1009, '2025-04-04', 3),
(847, 1001, '2025-04-05', 1),
(848, 1002, '2025-04-05', 1),
(849, 1003, '2025-04-05', 1),
(850, 1004, '2025-04-05', 1),
(851, 1005, '2025-04-05', 1),
(852, 1006, '2025-04-05', 1),
(853, 1007, '2025-04-05', 1),
(854, 1008, '2025-04-05', 1),
(855, 1009, '2025-04-05', 1),
(856, 1001, '2025-04-06', 1),
(857, 1002, '2025-04-06', 1),
(858, 1003, '2025-04-06', 1),
(859, 1004, '2025-04-06', 1),
(860, 1005, '2025-04-06', 1),
(861, 1006, '2025-04-06', 1),
(862, 1007, '2025-04-06', 1),
(863, 1008, '2025-04-06', 1),
(864, 1009, '2025-04-06', 1),
(865, 1001, '2025-04-07', 2),
(866, 1002, '2025-04-07', 4),
(867, 1003, '2025-04-07', 2),
(868, 1004, '2025-04-07', 5),
(869, 1005, '2025-04-07', 3),
(870, 1006, '2025-04-07', 3),
(871, 1007, '2025-04-07', 6),
(872, 1008, '2025-04-07', 2),
(873, 1009, '2025-04-07', 3),
(874, 1001, '2025-04-08', 2),
(875, 1002, '2025-04-08', 4),
(876, 1003, '2025-04-08', 2),
(877, 1004, '2025-04-08', 6),
(878, 1005, '2025-04-08', 6),
(879, 1006, '2025-04-08', 5),
(880, 1007, '2025-04-08', 4),
(881, 1008, '2025-04-08', 6),
(882, 1009, '2025-04-08', 3),
(883, 1001, '2025-04-09', 5),
(884, 1002, '2025-04-09', 3),
(885, 1003, '2025-04-09', 3),
(886, 1004, '2025-04-09', 2),
(887, 1005, '2025-04-09', 2),
(888, 1006, '2025-04-09', 6),
(889, 1007, '2025-04-09', 6),
(890, 1008, '2025-04-09', 2),
(891, 1009, '2025-04-09', 4),
(892, 1001, '2025-04-10', 6),
(893, 1002, '2025-04-10', 2),
(894, 1003, '2025-04-10', 2),
(895, 1004, '2025-04-10', 2),
(896, 1005, '2025-04-10', 4),
(897, 1006, '2025-04-10', 3),
(898, 1007, '2025-04-10', 6),
(899, 1008, '2025-04-10', 4),
(900, 1009, '2025-04-10', 2),
(901, 1001, '2025-04-11', 6),
(902, 1002, '2025-04-11', 6),
(903, 1003, '2025-04-11', 6),
(904, 1004, '2025-04-11', 2),
(905, 1005, '2025-04-11', 5),
(906, 1006, '2025-04-11', 4),
(907, 1007, '2025-04-11', 6),
(908, 1008, '2025-04-11', 5),
(909, 1009, '2025-04-11', 2),
(910, 1001, '2025-04-12', 1),
(911, 1002, '2025-04-12', 1),
(912, 1003, '2025-04-12', 1),
(913, 1004, '2025-04-12', 1),
(914, 1005, '2025-04-12', 1),
(915, 1006, '2025-04-12', 1),
(916, 1007, '2025-04-12', 1),
(917, 1008, '2025-04-12', 1),
(918, 1009, '2025-04-12', 1),
(919, 1001, '2025-04-13', 1),
(920, 1002, '2025-04-13', 1),
(921, 1003, '2025-04-13', 1),
(922, 1004, '2025-04-13', 1),
(923, 1005, '2025-04-13', 1),
(924, 1006, '2025-04-13', 1),
(925, 1007, '2025-04-13', 1),
(926, 1008, '2025-04-13', 1),
(927, 1009, '2025-04-13', 1),
(928, 1001, '2025-04-14', 2),
(929, 1002, '2025-04-14', 4),
(930, 1003, '2025-04-14', 5),
(931, 1004, '2025-04-14', 4),
(932, 1005, '2025-04-14', 5),
(933, 1006, '2025-04-14', 6),
(934, 1007, '2025-04-14', 2),
(935, 1008, '2025-04-14', 4),
(936, 1009, '2025-04-14', 4),
(937, 1001, '2025-04-15', 5),
(938, 1002, '2025-04-15', 2),
(939, 1003, '2025-04-15', 6),
(940, 1004, '2025-04-15', 6),
(941, 1005, '2025-04-15', 6),
(942, 1006, '2025-04-15', 3),
(943, 1007, '2025-04-15', 5),
(944, 1008, '2025-04-15', 5),
(945, 1009, '2025-04-15', 6),
(946, 1001, '2025-04-16', 4),
(947, 1002, '2025-04-16', 6),
(948, 1003, '2025-04-16', 4),
(949, 1004, '2025-04-16', 3),
(950, 1005, '2025-04-16', 3),
(951, 1006, '2025-04-16', 5),
(952, 1007, '2025-04-16', 4),
(953, 1008, '2025-04-16', 6),
(954, 1009, '2025-04-16', 4),
(955, 1001, '2025-04-17', 2),
(956, 1002, '2025-04-17', 6),
(957, 1003, '2025-04-17', 5),
(958, 1004, '2025-04-17', 4),
(959, 1005, '2025-04-17', 2),
(960, 1006, '2025-04-17', 3),
(961, 1007, '2025-04-17', 5),
(962, 1008, '2025-04-17', 3),
(963, 1009, '2025-04-17', 6),
(964, 1001, '2025-04-18', 2),
(965, 1002, '2025-04-18', 4),
(966, 1003, '2025-04-18', 4),
(967, 1004, '2025-04-18', 3),
(968, 1005, '2025-04-18', 5),
(969, 1006, '2025-04-18', 2),
(970, 1007, '2025-04-18', 5),
(971, 1008, '2025-04-18', 2),
(972, 1009, '2025-04-18', 6),
(973, 1001, '2025-04-19', 1),
(974, 1002, '2025-04-19', 1),
(975, 1003, '2025-04-19', 1),
(976, 1004, '2025-04-19', 1),
(977, 1005, '2025-04-19', 1),
(978, 1006, '2025-04-19', 1),
(979, 1007, '2025-04-19', 1),
(980, 1008, '2025-04-19', 1),
(981, 1009, '2025-04-19', 1),
(982, 1001, '2025-04-20', 1),
(983, 1002, '2025-04-20', 1),
(984, 1003, '2025-04-20', 1),
(985, 1004, '2025-04-20', 1),
(986, 1005, '2025-04-20', 1),
(987, 1006, '2025-04-20', 1),
(988, 1007, '2025-04-20', 1),
(989, 1008, '2025-04-20', 1),
(990, 1009, '2025-04-20', 1),
(991, 1001, '2025-04-21', 5),
(992, 1002, '2025-04-21', 3),
(993, 1003, '2025-04-21', 6),
(994, 1004, '2025-04-21', 6),
(995, 1005, '2025-04-21', 5),
(996, 1006, '2025-04-21', 3),
(997, 1007, '2025-04-21', 4),
(998, 1008, '2025-04-21', 5),
(999, 1009, '2025-04-21', 5),
(1000, 1001, '2025-04-22', 3),
(1001, 1002, '2025-04-22', 5),
(1002, 1003, '2025-04-22', 6),
(1003, 1004, '2025-04-22', 2),
(1004, 1005, '2025-04-22', 6),
(1005, 1006, '2025-04-22', 6),
(1006, 1007, '2025-04-22', 5),
(1007, 1008, '2025-04-22', 4),
(1008, 1009, '2025-04-22', 4),
(1009, 1001, '2025-04-23', 6),
(1010, 1002, '2025-04-23', 4),
(1011, 1003, '2025-04-23', 6),
(1012, 1004, '2025-04-23', 5),
(1013, 1005, '2025-04-23', 4),
(1014, 1006, '2025-04-23', 6),
(1015, 1007, '2025-04-23', 6),
(1016, 1008, '2025-04-23', 2),
(1017, 1009, '2025-04-23', 2),
(1018, 1001, '2025-04-24', 2),
(1019, 1002, '2025-04-24', 5),
(1020, 1003, '2025-04-24', 6),
(1021, 1004, '2025-04-24', 3),
(1022, 1005, '2025-04-24', 2),
(1023, 1006, '2025-04-24', 4),
(1024, 1007, '2025-04-24', 5),
(1025, 1008, '2025-04-24', 2),
(1026, 1009, '2025-04-24', 3),
(1027, 1001, '2025-04-25', 2),
(1028, 1002, '2025-04-25', 5),
(1029, 1003, '2025-04-25', 2),
(1030, 1004, '2025-04-25', 5),
(1031, 1005, '2025-04-25', 5),
(1032, 1006, '2025-04-25', 5),
(1033, 1007, '2025-04-25', 6),
(1034, 1008, '2025-04-25', 2),
(1035, 1009, '2025-04-25', 6),
(1036, 1001, '2025-04-26', 1),
(1037, 1002, '2025-04-26', 1),
(1038, 1003, '2025-04-26', 1),
(1039, 1004, '2025-04-26', 1),
(1040, 1005, '2025-04-26', 1),
(1041, 1006, '2025-04-26', 1),
(1042, 1007, '2025-04-26', 1),
(1043, 1008, '2025-04-26', 1),
(1044, 1009, '2025-04-26', 1),
(1045, 1001, '2025-04-27', 1),
(1046, 1002, '2025-04-27', 1),
(1047, 1003, '2025-04-27', 1),
(1048, 1004, '2025-04-27', 1),
(1049, 1005, '2025-04-27', 1),
(1050, 1006, '2025-04-27', 1),
(1051, 1007, '2025-04-27', 1),
(1052, 1008, '2025-04-27', 1),
(1053, 1009, '2025-04-27', 1),
(1054, 1001, '2025-04-28', 6),
(1055, 1002, '2025-04-28', 4),
(1056, 1003, '2025-04-28', 5),
(1057, 1004, '2025-04-28', 4),
(1058, 1005, '2025-04-28', 2),
(1059, 1006, '2025-04-28', 5),
(1060, 1007, '2025-04-28', 6),
(1061, 1008, '2025-04-28', 5),
(1062, 1009, '2025-04-28', 3),
(1063, 1001, '2025-04-29', 2),
(1064, 1002, '2025-04-29', 4),
(1065, 1003, '2025-04-29', 2),
(1066, 1004, '2025-04-29', 6),
(1067, 1005, '2025-04-29', 6),
(1068, 1006, '2025-04-29', 2),
(1069, 1007, '2025-04-29', 2),
(1070, 1008, '2025-04-29', 2),
(1071, 1009, '2025-04-29', 3),
(1072, 1001, '2025-04-30', 5),
(1073, 1002, '2025-04-30', 6),
(1074, 1003, '2025-04-30', 6),
(1075, 1004, '2025-04-30', 2),
(1076, 1005, '2025-04-30', 5),
(1077, 1006, '2025-04-30', 6),
(1078, 1007, '2025-04-30', 6),
(1079, 1008, '2025-04-30', 4),
(1080, 1009, '2025-04-30', 6),
(1081, 1001, '2025-05-01', 5),
(1082, 1002, '2025-05-01', 5),
(1083, 1003, '2025-05-01', 6),
(1084, 1004, '2025-05-01', 5),
(1085, 1005, '2025-05-01', 5),
(1086, 1006, '2025-05-01', 3),
(1087, 1007, '2025-05-01', 2),
(1088, 1008, '2025-05-01', 2),
(1089, 1009, '2025-05-01', 4),
(1090, 1001, '2025-05-02', 6),
(1091, 1002, '2025-05-02', 4),
(1092, 1003, '2025-05-02', 5),
(1093, 1004, '2025-05-02', 6),
(1094, 1005, '2025-05-02', 3),
(1095, 1006, '2025-05-02', 2),
(1096, 1007, '2025-05-02', 2),
(1097, 1008, '2025-05-02', 5),
(1098, 1009, '2025-05-02', 6),
(1099, 1001, '2025-05-03', 1),
(1100, 1002, '2025-05-03', 1),
(1101, 1003, '2025-05-03', 1),
(1102, 1004, '2025-05-03', 1),
(1103, 1005, '2025-05-03', 1),
(1104, 1006, '2025-05-03', 1),
(1105, 1007, '2025-05-03', 1),
(1106, 1008, '2025-05-03', 1),
(1107, 1009, '2025-05-03', 1),
(1108, 1001, '2025-05-04', 1),
(1109, 1002, '2025-05-04', 1),
(1110, 1003, '2025-05-04', 1),
(1111, 1004, '2025-05-04', 1),
(1112, 1005, '2025-05-04', 1),
(1113, 1006, '2025-05-04', 1),
(1114, 1007, '2025-05-04', 1),
(1115, 1008, '2025-05-04', 1),
(1116, 1009, '2025-05-04', 1),
(1117, 1001, '2025-05-05', 2),
(1118, 1002, '2025-05-05', 3),
(1119, 1003, '2025-05-05', 6),
(1120, 1004, '2025-05-05', 5),
(1121, 1005, '2025-05-05', 6),
(1122, 1006, '2025-05-05', 4),
(1123, 1007, '2025-05-05', 3),
(1124, 1008, '2025-05-05', 3),
(1125, 1009, '2025-05-05', 5),
(1126, 1001, '2025-05-06', 6),
(1127, 1002, '2025-05-06', 6),
(1128, 1003, '2025-05-06', 6),
(1129, 1004, '2025-05-06', 6),
(1130, 1005, '2025-05-06', 4),
(1131, 1006, '2025-05-06', 2),
(1132, 1007, '2025-05-06', 3),
(1133, 1008, '2025-05-06', 2),
(1134, 1009, '2025-05-06', 6),
(1135, 1001, '2025-05-07', 3),
(1136, 1002, '2025-05-07', 3),
(1137, 1003, '2025-05-07', 3),
(1138, 1004, '2025-05-07', 4),
(1139, 1005, '2025-05-07', 6),
(1140, 1006, '2025-05-07', 2),
(1141, 1007, '2025-05-07', 4),
(1142, 1008, '2025-05-07', 2),
(1143, 1009, '2025-05-07', 3),
(1144, 1001, '2025-05-08', 4),
(1145, 1002, '2025-05-08', 2),
(1146, 1003, '2025-05-08', 2),
(1147, 1004, '2025-05-08', 2),
(1148, 1005, '2025-05-08', 6),
(1149, 1006, '2025-05-08', 6),
(1150, 1007, '2025-05-08', 3),
(1151, 1008, '2025-05-08', 4),
(1152, 1009, '2025-05-08', 2),
(1153, 1001, '2025-05-09', 4),
(1154, 1002, '2025-05-09', 2),
(1155, 1003, '2025-05-09', 3),
(1156, 1004, '2025-05-09', 3),
(1157, 1005, '2025-05-09', 4),
(1158, 1006, '2025-05-09', 5),
(1159, 1007, '2025-05-09', 2),
(1160, 1008, '2025-05-09', 2),
(1161, 1009, '2025-05-09', 6),
(1162, 1001, '2025-05-10', 1),
(1163, 1002, '2025-05-10', 1),
(1164, 1003, '2025-05-10', 1),
(1165, 1004, '2025-05-10', 1),
(1166, 1005, '2025-05-10', 1),
(1167, 1006, '2025-05-10', 1),
(1168, 1007, '2025-05-10', 1),
(1169, 1008, '2025-05-10', 1),
(1170, 1009, '2025-05-10', 1),
(1171, 1001, '2025-05-11', 1),
(1172, 1002, '2025-05-11', 1),
(1173, 1003, '2025-05-11', 1),
(1174, 1004, '2025-05-11', 1),
(1175, 1005, '2025-05-11', 1),
(1176, 1006, '2025-05-11', 1),
(1177, 1007, '2025-05-11', 1),
(1178, 1008, '2025-05-11', 1),
(1179, 1009, '2025-05-11', 1),
(1180, 1001, '2025-05-12', 4),
(1181, 1002, '2025-05-12', 3),
(1182, 1003, '2025-05-12', 3),
(1183, 1004, '2025-05-12', 4),
(1184, 1005, '2025-05-12', 2),
(1185, 1006, '2025-05-12', 6),
(1186, 1007, '2025-05-12', 5),
(1187, 1008, '2025-05-12', 5),
(1188, 1009, '2025-05-12', 5),
(1189, 1001, '2025-05-13', 5),
(1190, 1002, '2025-05-13', 3),
(1191, 1003, '2025-05-13', 2),
(1192, 1004, '2025-05-13', 3),
(1193, 1005, '2025-05-13', 4),
(1194, 1006, '2025-05-13', 3),
(1195, 1007, '2025-05-13', 4),
(1196, 1008, '2025-05-13', 3),
(1197, 1009, '2025-05-13', 2),
(1198, 1001, '2025-05-14', 6),
(1199, 1002, '2025-05-14', 2),
(1200, 1003, '2025-05-14', 3),
(1201, 1004, '2025-05-14', 2),
(1202, 1005, '2025-05-14', 6),
(1203, 1006, '2025-05-14', 3),
(1204, 1007, '2025-05-14', 4),
(1205, 1008, '2025-05-14', 6),
(1206, 1009, '2025-05-14', 3),
(1207, 1001, '2025-05-15', 6),
(1208, 1002, '2025-05-15', 6),
(1209, 1003, '2025-05-15', 5),
(1210, 1004, '2025-05-15', 2),
(1211, 1005, '2025-05-15', 3),
(1212, 1006, '2025-05-15', 6),
(1213, 1007, '2025-05-15', 4),
(1214, 1008, '2025-05-15', 3),
(1215, 1009, '2025-05-15', 2),
(1216, 1001, '2025-05-16', 6),
(1217, 1002, '2025-05-16', 5),
(1218, 1003, '2025-05-16', 2),
(1219, 1004, '2025-05-16', 6),
(1220, 1005, '2025-05-16', 2),
(1221, 1006, '2025-05-16', 6),
(1222, 1007, '2025-05-16', 4),
(1223, 1008, '2025-05-16', 2),
(1224, 1009, '2025-05-16', 4),
(1225, 1001, '2025-05-17', 1),
(1226, 1002, '2025-05-17', 1),
(1227, 1003, '2025-05-17', 1),
(1228, 1004, '2025-05-17', 1),
(1229, 1005, '2025-05-17', 1),
(1230, 1006, '2025-05-17', 1),
(1231, 1007, '2025-05-17', 1),
(1232, 1008, '2025-05-17', 1),
(1233, 1009, '2025-05-17', 1),
(1234, 1001, '2025-05-18', 1),
(1235, 1002, '2025-05-18', 1),
(1236, 1003, '2025-05-18', 1),
(1237, 1004, '2025-05-18', 1),
(1238, 1005, '2025-05-18', 1),
(1239, 1006, '2025-05-18', 1),
(1240, 1007, '2025-05-18', 1),
(1241, 1008, '2025-05-18', 1),
(1242, 1009, '2025-05-18', 1),
(1243, 1001, '2025-05-19', 4),
(1244, 1002, '2025-05-19', 5),
(1245, 1003, '2025-05-19', 5),
(1246, 1004, '2025-05-19', 2),
(1247, 1005, '2025-05-19', 4),
(1248, 1006, '2025-05-19', 5),
(1249, 1007, '2025-05-19', 3),
(1250, 1008, '2025-05-19', 3),
(1251, 1009, '2025-05-19', 5),
(1252, 1001, '2025-05-20', 2),
(1253, 1002, '2025-05-20', 5),
(1254, 1003, '2025-05-20', 6),
(1255, 1004, '2025-05-20', 5),
(1256, 1005, '2025-05-20', 2),
(1257, 1006, '2025-05-20', 4),
(1258, 1007, '2025-05-20', 6),
(1259, 1008, '2025-05-20', 6),
(1260, 1009, '2025-05-20', 6),
(1261, 1001, '2025-05-21', 3),
(1262, 1002, '2025-05-21', 5),
(1263, 1003, '2025-05-21', 6),
(1264, 1004, '2025-05-21', 6),
(1265, 1005, '2025-05-21', 5),
(1266, 1006, '2025-05-21', 2),
(1267, 1007, '2025-05-21', 4),
(1268, 1008, '2025-05-21', 6),
(1269, 1009, '2025-05-21', 3),
(1270, 1001, '2025-05-22', 6),
(1271, 1002, '2025-05-22', 4),
(1272, 1003, '2025-05-22', 5),
(1273, 1004, '2025-05-22', 4),
(1274, 1005, '2025-05-22', 4),
(1275, 1006, '2025-05-22', 2),
(1276, 1007, '2025-05-22', 3),
(1277, 1008, '2025-05-22', 4),
(1278, 1009, '2025-05-22', 5),
(1279, 1001, '2025-05-23', 5),
(1280, 1002, '2025-05-23', 5),
(1281, 1003, '2025-05-23', 3),
(1282, 1004, '2025-05-23', 5),
(1283, 1005, '2025-05-23', 4),
(1284, 1006, '2025-05-23', 2),
(1285, 1007, '2025-05-23', 3),
(1286, 1008, '2025-05-23', 5),
(1287, 1009, '2025-05-23', 2),
(1288, 1001, '2025-05-24', 1),
(1289, 1002, '2025-05-24', 1),
(1290, 1003, '2025-05-24', 1),
(1291, 1004, '2025-05-24', 1),
(1292, 1005, '2025-05-24', 1),
(1293, 1006, '2025-05-24', 1),
(1294, 1007, '2025-05-24', 1),
(1295, 1008, '2025-05-24', 1),
(1296, 1009, '2025-05-24', 1),
(1297, 1001, '2025-05-25', 1),
(1298, 1002, '2025-05-25', 1),
(1299, 1003, '2025-05-25', 1),
(1300, 1004, '2025-05-25', 1),
(1301, 1005, '2025-05-25', 1),
(1302, 1006, '2025-05-25', 1),
(1303, 1007, '2025-05-25', 1),
(1304, 1008, '2025-05-25', 1),
(1305, 1009, '2025-05-25', 1),
(1306, 1001, '2025-05-26', 6),
(1307, 1002, '2025-05-26', 6),
(1308, 1003, '2025-05-26', 2),
(1309, 1004, '2025-05-26', 6),
(1310, 1005, '2025-05-26', 5),
(1311, 1006, '2025-05-26', 6),
(1312, 1007, '2025-05-26', 5),
(1313, 1008, '2025-05-26', 3),
(1314, 1009, '2025-05-26', 5),
(1315, 1001, '2025-05-27', 5),
(1316, 1002, '2025-05-27', 4),
(1317, 1003, '2025-05-27', 2),
(1318, 1004, '2025-05-27', 3),
(1319, 1005, '2025-05-27', 6),
(1320, 1006, '2025-05-27', 3),
(1321, 1007, '2025-05-27', 3),
(1322, 1008, '2025-05-27', 4),
(1323, 1009, '2025-05-27', 4),
(1324, 1001, '2025-05-28', 2),
(1325, 1002, '2025-05-28', 4),
(1326, 1003, '2025-05-28', 2),
(1327, 1004, '2025-05-28', 4),
(1328, 1005, '2025-05-28', 4),
(1329, 1006, '2025-05-28', 5),
(1330, 1007, '2025-05-28', 5),
(1331, 1008, '2025-05-28', 6),
(1332, 1009, '2025-05-28', 4),
(1333, 1001, '2025-05-29', 2),
(1334, 1002, '2025-05-29', 3),
(1335, 1003, '2025-05-29', 2),
(1336, 1004, '2025-05-29', 2),
(1337, 1005, '2025-05-29', 3),
(1338, 1006, '2025-05-29', 6),
(1339, 1007, '2025-05-29', 6),
(1340, 1008, '2025-05-29', 5),
(1341, 1009, '2025-05-29', 2),
(1342, 1001, '2025-05-30', 6),
(1343, 1002, '2025-05-30', 4),
(1344, 1003, '2025-05-30', 3),
(1345, 1004, '2025-05-30', 6),
(1346, 1005, '2025-05-30', 6),
(1347, 1006, '2025-05-30', 2),
(1348, 1007, '2025-05-30', 4),
(1349, 1008, '2025-05-30', 5),
(1350, 1009, '2025-05-30', 3),
(1351, 1001, '2025-05-31', 1),
(1352, 1002, '2025-05-31', 1),
(1353, 1003, '2025-05-31', 1),
(1354, 1004, '2025-05-31', 1),
(1355, 1005, '2025-05-31', 1),
(1356, 1006, '2025-05-31', 1),
(1357, 1007, '2025-05-31', 1),
(1358, 1008, '2025-05-31', 1),
(1359, 1009, '2025-05-31', 1),
(1360, 1001, '2025-06-01', 1),
(1361, 1002, '2025-06-01', 1),
(1362, 1003, '2025-06-01', 1),
(1363, 1004, '2025-06-01', 1),
(1364, 1005, '2025-06-01', 1),
(1365, 1006, '2025-06-01', 1),
(1366, 1007, '2025-06-01', 1),
(1367, 1008, '2025-06-01', 1),
(1368, 1009, '2025-06-01', 1),
(1369, 1001, '2025-06-02', 5),
(1370, 1002, '2025-06-02', 3),
(1371, 1003, '2025-06-02', 2),
(1372, 1004, '2025-06-02', 6),
(1373, 1005, '2025-06-02', 3),
(1374, 1006, '2025-06-02', 4),
(1375, 1007, '2025-06-02', 6),
(1376, 1008, '2025-06-02', 2),
(1377, 1009, '2025-06-02', 5),
(1378, 1001, '2025-06-03', 3),
(1379, 1002, '2025-06-03', 2),
(1380, 1003, '2025-06-03', 5),
(1381, 1004, '2025-06-03', 6),
(1382, 1005, '2025-06-03', 3),
(1383, 1006, '2025-06-03', 6),
(1384, 1007, '2025-06-03', 6),
(1385, 1008, '2025-06-03', 4),
(1386, 1009, '2025-06-03', 2),
(1387, 1001, '2025-06-04', 4),
(1388, 1002, '2025-06-04', 2),
(1389, 1003, '2025-06-04', 2),
(1390, 1004, '2025-06-04', 4),
(1391, 1005, '2025-06-04', 2),
(1392, 1006, '2025-06-04', 2),
(1393, 1007, '2025-06-04', 5),
(1394, 1008, '2025-06-04', 2),
(1395, 1009, '2025-06-04', 5),
(1396, 1001, '2025-06-05', 4),
(1397, 1002, '2025-06-05', 4),
(1398, 1003, '2025-06-05', 3),
(1399, 1004, '2025-06-05', 2),
(1400, 1005, '2025-06-05', 6),
(1401, 1006, '2025-06-05', 4),
(1402, 1007, '2025-06-05', 4),
(1403, 1008, '2025-06-05', 4),
(1404, 1009, '2025-06-05', 5),
(1405, 1001, '2025-06-06', 3),
(1406, 1002, '2025-06-06', 6),
(1407, 1003, '2025-06-06', 5),
(1408, 1004, '2025-06-06', 5),
(1409, 1005, '2025-06-06', 6),
(1410, 1006, '2025-06-06', 2),
(1411, 1007, '2025-06-06', 4),
(1412, 1008, '2025-06-06', 4),
(1413, 1009, '2025-06-06', 5),
(1414, 1001, '2025-06-07', 1),
(1415, 1002, '2025-06-07', 1),
(1416, 1003, '2025-06-07', 1),
(1417, 1004, '2025-06-07', 1),
(1418, 1005, '2025-06-07', 1),
(1419, 1006, '2025-06-07', 1),
(1420, 1007, '2025-06-07', 1),
(1421, 1008, '2025-06-07', 1),
(1422, 1009, '2025-06-07', 1),
(1423, 1001, '2025-06-08', 1),
(1424, 1002, '2025-06-08', 1),
(1425, 1003, '2025-06-08', 1),
(1426, 1004, '2025-06-08', 1),
(1427, 1005, '2025-06-08', 1),
(1428, 1006, '2025-06-08', 1),
(1429, 1007, '2025-06-08', 1),
(1430, 1008, '2025-06-08', 1),
(1431, 1009, '2025-06-08', 1),
(1432, 1001, '2025-06-09', 2),
(1433, 1002, '2025-06-09', 5),
(1434, 1003, '2025-06-09', 3),
(1435, 1004, '2025-06-09', 5),
(1436, 1005, '2025-06-09', 3),
(1437, 1006, '2025-06-09', 2),
(1438, 1007, '2025-06-09', 2),
(1439, 1008, '2025-06-09', 6),
(1440, 1009, '2025-06-09', 2),
(1441, 1001, '2025-06-10', 5),
(1442, 1002, '2025-06-10', 6),
(1443, 1003, '2025-06-10', 4),
(1444, 1004, '2025-06-10', 4),
(1445, 1005, '2025-06-10', 5),
(1446, 1006, '2025-06-10', 5),
(1447, 1007, '2025-06-10', 2),
(1448, 1008, '2025-06-10', 4),
(1449, 1009, '2025-06-10', 3),
(1450, 1001, '2025-06-11', 2),
(1451, 1002, '2025-06-11', 4),
(1452, 1003, '2025-06-11', 5),
(1453, 1004, '2025-06-11', 4),
(1454, 1005, '2025-06-11', 3),
(1455, 1006, '2025-06-11', 4),
(1456, 1007, '2025-06-11', 4),
(1457, 1008, '2025-06-11', 3),
(1458, 1009, '2025-06-11', 5),
(1459, 1001, '2025-06-12', 5),
(1460, 1002, '2025-06-12', 6),
(1461, 1003, '2025-06-12', 5),
(1462, 1004, '2025-06-12', 6),
(1463, 1005, '2025-06-12', 3),
(1464, 1006, '2025-06-12', 2),
(1465, 1007, '2025-06-12', 3),
(1466, 1008, '2025-06-12', 3),
(1467, 1009, '2025-06-12', 5),
(1468, 1001, '2025-06-13', 4),
(1469, 1002, '2025-06-13', 6),
(1470, 1003, '2025-06-13', 4),
(1471, 1004, '2025-06-13', 3),
(1472, 1005, '2025-06-13', 2),
(1473, 1006, '2025-06-13', 5),
(1474, 1007, '2025-06-13', 5),
(1475, 1008, '2025-06-13', 4),
(1476, 1009, '2025-06-13', 3),
(1477, 1001, '2025-06-14', 1),
(1478, 1002, '2025-06-14', 1),
(1479, 1003, '2025-06-14', 1),
(1480, 1004, '2025-06-14', 1),
(1481, 1005, '2025-06-14', 1),
(1482, 1006, '2025-06-14', 1),
(1483, 1007, '2025-06-14', 1),
(1484, 1008, '2025-06-14', 1),
(1485, 1009, '2025-06-14', 1),
(1486, 1001, '2025-06-15', 1),
(1487, 1002, '2025-06-15', 1),
(1488, 1003, '2025-06-15', 1),
(1489, 1004, '2025-06-15', 1),
(1490, 1005, '2025-06-15', 1),
(1491, 1006, '2025-06-15', 1),
(1492, 1007, '2025-06-15', 1),
(1493, 1008, '2025-06-15', 1),
(1494, 1009, '2025-06-15', 1),
(1495, 1001, '2025-06-16', 2),
(1496, 1002, '2025-06-16', 4),
(1497, 1003, '2025-06-16', 4),
(1498, 1004, '2025-06-16', 3),
(1499, 1005, '2025-06-16', 2),
(1500, 1006, '2025-06-16', 2),
(1501, 1007, '2025-06-16', 6),
(1502, 1008, '2025-06-16', 4),
(1503, 1009, '2025-06-16', 6),
(1504, 1001, '2025-06-17', 5),
(1505, 1002, '2025-06-17', 3),
(1506, 1003, '2025-06-17', 2),
(1507, 1004, '2025-06-17', 5),
(1508, 1005, '2025-06-17', 2),
(1509, 1006, '2025-06-17', 5),
(1510, 1007, '2025-06-17', 6),
(1511, 1008, '2025-06-17', 6),
(1512, 1009, '2025-06-17', 4),
(1513, 1001, '2025-06-18', 5),
(1514, 1002, '2025-06-18', 5),
(1515, 1003, '2025-06-18', 5),
(1516, 1004, '2025-06-18', 4),
(1517, 1005, '2025-06-18', 5),
(1518, 1006, '2025-06-18', 3),
(1519, 1007, '2025-06-18', 2),
(1520, 1008, '2025-06-18', 4),
(1521, 1009, '2025-06-18', 6),
(1522, 1001, '2025-06-19', 5),
(1523, 1002, '2025-06-19', 2),
(1524, 1003, '2025-06-19', 6),
(1525, 1004, '2025-06-19', 5),
(1526, 1005, '2025-06-19', 6),
(1527, 1006, '2025-06-19', 4),
(1528, 1007, '2025-06-19', 2),
(1529, 1008, '2025-06-19', 2),
(1530, 1009, '2025-06-19', 5),
(1531, 1001, '2025-06-20', 2),
(1532, 1002, '2025-06-20', 5),
(1533, 1003, '2025-06-20', 3),
(1534, 1004, '2025-06-20', 3),
(1535, 1005, '2025-06-20', 3),
(1536, 1006, '2025-06-20', 6),
(1537, 1007, '2025-06-20', 6),
(1538, 1008, '2025-06-20', 3),
(1539, 1009, '2025-06-20', 4),
(1540, 1001, '2025-06-21', 1),
(1541, 1002, '2025-06-21', 1),
(1542, 1003, '2025-06-21', 1),
(1543, 1004, '2025-06-21', 1),
(1544, 1005, '2025-06-21', 1),
(1545, 1006, '2025-06-21', 1),
(1546, 1007, '2025-06-21', 1),
(1547, 1008, '2025-06-21', 1),
(1548, 1009, '2025-06-21', 1),
(1549, 1001, '2025-06-22', 1),
(1550, 1002, '2025-06-22', 1),
(1551, 1003, '2025-06-22', 1),
(1552, 1004, '2025-06-22', 1),
(1553, 1005, '2025-06-22', 1),
(1554, 1006, '2025-06-22', 1),
(1555, 1007, '2025-06-22', 1),
(1556, 1008, '2025-06-22', 1),
(1557, 1009, '2025-06-22', 1),
(1558, 1001, '2025-06-23', 4),
(1559, 1002, '2025-06-23', 2),
(1560, 1003, '2025-06-23', 2),
(1561, 1004, '2025-06-23', 6),
(1562, 1005, '2025-06-23', 2),
(1563, 1006, '2025-06-23', 6),
(1564, 1007, '2025-06-23', 2),
(1565, 1008, '2025-06-23', 5),
(1566, 1009, '2025-06-23', 6),
(1567, 1001, '2025-06-24', 2),
(1568, 1002, '2025-06-24', 3),
(1569, 1003, '2025-06-24', 2),
(1570, 1004, '2025-06-24', 4),
(1571, 1005, '2025-06-24', 3),
(1572, 1006, '2025-06-24', 5),
(1573, 1007, '2025-06-24', 5),
(1574, 1008, '2025-06-24', 4),
(1575, 1009, '2025-06-24', 5),
(1576, 1001, '2025-06-25', 3),
(1577, 1002, '2025-06-25', 5),
(1578, 1003, '2025-06-25', 6),
(1579, 1004, '2025-06-25', 4),
(1580, 1005, '2025-06-25', 4),
(1581, 1006, '2025-06-25', 4),
(1582, 1007, '2025-06-25', 2),
(1583, 1008, '2025-06-25', 6),
(1584, 1009, '2025-06-25', 5),
(1585, 1001, '2025-06-26', 4),
(1586, 1002, '2025-06-26', 4),
(1587, 1003, '2025-06-26', 3),
(1588, 1004, '2025-06-26', 6),
(1589, 1005, '2025-06-26', 3),
(1590, 1006, '2025-06-26', 5),
(1591, 1007, '2025-06-26', 4),
(1592, 1008, '2025-06-26', 2),
(1593, 1009, '2025-06-26', 3),
(1594, 1001, '2025-06-27', 6),
(1595, 1002, '2025-06-27', 5),
(1596, 1003, '2025-06-27', 4),
(1597, 1004, '2025-06-27', 2),
(1598, 1005, '2025-06-27', 3),
(1599, 1006, '2025-06-27', 5),
(1600, 1007, '2025-06-27', 6),
(1601, 1008, '2025-06-27', 3),
(1602, 1009, '2025-06-27', 3),
(1603, 1001, '2025-06-28', 1),
(1604, 1002, '2025-06-28', 1),
(1605, 1003, '2025-06-28', 1),
(1606, 1004, '2025-06-28', 1),
(1607, 1005, '2025-06-28', 1),
(1608, 1006, '2025-06-28', 1),
(1609, 1007, '2025-06-28', 1),
(1610, 1008, '2025-06-28', 1),
(1611, 1009, '2025-06-28', 1),
(1612, 1001, '2025-06-29', 1),
(1613, 1002, '2025-06-29', 1),
(1614, 1003, '2025-06-29', 1),
(1615, 1004, '2025-06-29', 1),
(1616, 1005, '2025-06-29', 1),
(1617, 1006, '2025-06-29', 1),
(1618, 1007, '2025-06-29', 1),
(1619, 1008, '2025-06-29', 1),
(1620, 1009, '2025-06-29', 1),
(1621, 1001, '2025-06-30', 5),
(1622, 1002, '2025-06-30', 5),
(1623, 1003, '2025-06-30', 2),
(1624, 1004, '2025-06-30', 6),
(1625, 1005, '2025-06-30', 2),
(1626, 1006, '2025-06-30', 6),
(1627, 1007, '2025-06-30', 2),
(1628, 1008, '2025-06-30', 3),
(1629, 1009, '2025-06-30', 6),
(1654, 1001, '2025-07-17', 2),
(1655, 1002, '2025-07-17', 1),
(1656, 1003, '2025-07-17', 1),
(1657, 1004, '2025-07-17', 1),
(1658, 1005, '2025-07-17', 5),
(1659, 1006, '2025-07-17', 6),
(1660, 1007, '2025-07-17', 4),
(1661, 1008, '2025-07-17', 3),
(1662, 1009, '2025-07-17', 3),
(1663, 1001, '2025-07-16', 2),
(1664, 1002, '2025-07-16', 2),
(1665, 1003, '2025-07-16', 2),
(1666, 1004, '2025-07-16', 2),
(1667, 1005, '2025-07-16', 2),
(1668, 1006, '2025-07-16', 2),
(1669, 1007, '2025-07-16', NULL),
(1670, 1008, '2025-07-16', NULL),
(1671, 1009, '2025-07-16', NULL),
(1672, 1001, '2025-08-17', 2),
(1673, 1002, '2025-08-17', 2),
(1674, 1003, '2025-08-17', 2),
(1675, 1004, '2025-08-17', 2),
(1676, 1005, '2025-08-17', NULL),
(1677, 1006, '2025-08-17', NULL),
(1678, 1007, '2025-08-17', NULL),
(1679, 1008, '2025-08-17', NULL),
(1680, 1009, '2025-08-17', NULL),
(1681, 1001, '2025-07-18', 1),
(1682, 1002, '2025-07-18', 1),
(1683, 1003, '2025-07-18', 1),
(1684, 1004, '2025-07-18', 1),
(1685, 1005, '2025-07-18', 1),
(1686, 1006, '2025-07-18', 1),
(1687, 1007, '2025-07-18', 1),
(1688, 1008, '2025-07-18', 1),
(1689, 1009, '2025-07-18', 1);

-- --------------------------------------------------------

--
-- Table structure for table `status_presensi`
--

CREATE TABLE `status_presensi` (
  `kode_status` int NOT NULL,
  `deskripsi` varchar(50) NOT NULL
) ENGINE=InnoDB DEFAULT CHARSET=utf8mb4 COLLATE=utf8mb4_0900_ai_ci;

--
-- Dumping data for table `status_presensi`
--

INSERT INTO `status_presensi` (`kode_status`, `deskripsi`) VALUES
(1, 'Libur'),
(2, 'Hadir Tepat Waktu'),
(3, 'Hadir Telat'),
(4, 'Tugas Luar'),
(5, 'Izin'),
(6, 'Tidak Hadir');

--
-- Indexes for dumped tables
--

--
-- Indexes for table `admin`
--
ALTER TABLE `admin`
  ADD PRIMARY KEY (`username`);

--
-- Indexes for table `pegawai`
--
ALTER TABLE `pegawai`
  ADD PRIMARY KEY (`nipd`);

--
-- Indexes for table `presensi`
--
ALTER TABLE `presensi`
  ADD PRIMARY KEY (`id_presensi`),
  ADD KEY `nipd` (`nipd`),
  ADD KEY `kode_status` (`kode_status`);

--
-- Indexes for table `status_presensi`
--
ALTER TABLE `status_presensi`
  ADD PRIMARY KEY (`kode_status`);

--
-- AUTO_INCREMENT for dumped tables
--

--
-- AUTO_INCREMENT for table `presensi`
--
ALTER TABLE `presensi`
  MODIFY `id_presensi` int NOT NULL AUTO_INCREMENT, AUTO_INCREMENT=1690;

--
-- AUTO_INCREMENT for table `status_presensi`
--
ALTER TABLE `status_presensi`
  MODIFY `kode_status` int NOT NULL AUTO_INCREMENT, AUTO_INCREMENT=7;

--
-- Constraints for dumped tables
--

--
-- Constraints for table `presensi`
--
ALTER TABLE `presensi`
  ADD CONSTRAINT `presensi_ibfk_1` FOREIGN KEY (`nipd`) REFERENCES `pegawai` (`nipd`) ON DELETE RESTRICT ON UPDATE RESTRICT,
  ADD CONSTRAINT `presensi_ibfk_2` FOREIGN KEY (`kode_status`) REFERENCES `status_presensi` (`kode_status`) ON DELETE RESTRICT ON UPDATE RESTRICT;
COMMIT;

/*!40101 SET CHARACTER_SET_CLIENT=@OLD_CHARACTER_SET_CLIENT */;
/*!40101 SET CHARACTER_SET_RESULTS=@OLD_CHARACTER_SET_RESULTS */;
/*!40101 SET COLLATION_CONNECTION=@OLD_COLLATION_CONNECTION */;
